account,
9111222011,osmel011
9111222012,osmel012
9111222013,osmel013
9111222014,osmel014
9111222015,osmel015
9111222016,osmel016
9111222017,osmel017
9111222018,osmel018
9111222019,osmel019
9111222020,osmel020
9111222021,osmel021
9111222022,osmel022
9111222023,osmel023
9111222024,osmel024
9111222025,osmel025
9111222026,osmel026
9111222027,osmel027
9111222028,osmel028
9111222029,osmel029
9111222030,osmel030
9111222031,osmel031
9111222032,osmel032
9111222033,osmel033
9111222034,osmel034
9111222035,osmel035
9111222036,osmel036
9111222037,osmel037
9111222038,osmel038
9111222039,osmel039
9111222040,osmel040
9111222041,osmel041
9111222042,osmel042
9111222043,osmel043
9111222044,osmel044
9111222045,osmel045
9111222046,osmel046
9111222047,osmel047
9111222048,osmel048
9111222049,osmel049
9111222050,osmel050
9111222051,osmel051
9111222052,osmel052
9111222053,osmel053
9111222054,osmel054
9111222055,osmel055
9111222056,osmel056
9111222057,osmel057
9111222058,osmel058
9111222059,osmel059
9111222060,osmel060
9111222061,osmel061
9111222062,osmel062
9111222063,osmel063
9111222064,osmel064
9111222065,osmel065
9111222066,osmel066
9111222067,osmel067
9111222068,osmel068
9111222069,osmel069
9111222070,osmel070
9111222071,osmel071
9111222072,osmel072
9111222073,osmel073
9111222074,osmel074
9111222075,osmel075
9111222076,osmel076
9111222077,osmel077
9111222078,osmel078
9111222079,osmel079
9111222080,osmel080
9111222081,osmel081
9111222082,osmel082
9111222083,osmel083
9111222084,osmel084
9111222085,osmel085
9111222086,osmel086
9111222087,osmel087
9111222088,osmel088
9111222089,osmel089
9111222090,osmel090
9111222091,osmel091
9111222092,osmel092
9111222093,osmel093
9111222094,osmel094
9111222095,osmel095
9111222096,osmel096
9111222097,osmel097
9111222098,osmel098
9111222099,osmel099
9111222100,osmel100
9111222101,osmel101
9111222102,osmel102
9111222103,osmel103
9111222104,osmel104
9111222105,osmel105
9111222106,osmel106
9111222107,osmel107
9111222108,osmel108
9111222109,osmel109
9111222110,osmel110
9111222111,osmel111
9111222112,osmel112
9111222113,osmel113
9111222114,osmel114
9111222115,osmel115
9111222116,osmel116
9111222118,osmel118
9111222119,osmel119
9111222120,osmel120
9111222121,osmel121
9111222122,osmel122
9111222123,osmel123
9111222124,osmel124
9111222125,osmel125
9111222126,osmel126
9111222127,osmel127
9111222128,osmel128
9111222129,osmel129
9111222130,osmel130
9111222131,osmel131
9111222132,osmel132
9111222133,osmel133
9111222134,osmel134
9111222135,osmel135
9111222136,osmel136
9111222137,osmel137
9111222138,osmel138
9111222139,osmel139
9111222140,osmel140
9111222141,osmel141
9111222142,osmel142
9111222143,osmel143
9111222144,osmel144
9111222146,osmel146
9111222147,osmel147
9111222148,osmel148
9111222149,osmel149
9111222150,osmel150
9111222151,osmel151
9111222152,osmel152
9111222153,osmel153
9111222154,osmel154
9111222155,osmel155
9111222156,osmel156
9111222157,osmel157
9111222158,osmel158
9111222159,osmel159
9111222160,osmel160
9111222161,osmel161
9111222162,osmel162
9111222163,osmel163
9111222164,osmel164
9111222165,osmel165
9111222166,osmel166
9111222167,osmel167
9111222168,osmel168
9111222169,osmel169
9111222170,osmel170
9111222171,osmel171
9111222172,osmel172
9111222173,osmel173
9111222174,osmel174
9111222175,osmel175
9111222176,osmel176
9111222177,osmel177
9111222178,osmel178
9111222179,osmel179
9111222180,osmel180
9111222181,osmel181
9111222182,osmel182
9111222183,osmel183
9111222184,osmel184
9111222185,osmel185
9111222186,osmel186
9111222187,osmel187
9111222188,osmel188
9111222189,osmel189
9111222190,osmel190
9111222191,osmel191
9111222192,osmel192
9111222194,osmel194
9111222195,osmel195
9111222196,osmel196
9111222197,osmel197
9111222198,osmel198
9111222199,osmel199